{
  "node_count": 78,
  "edge_count": 202,
  "avg_degree": 5.17948717948718,
  "top_nodes_by_degree": [
    [
      "人民",
      0.38961038961038963
    ],
    [
      "我们",
      0.35064935064935066
    ],
    [
      "革命",
      0.3246753246753247
    ],
    [
      "他们",
      0.28571428571428575
    ],
    [
      "斗争",
      0.28571428571428575
    ],
    [
      "领导",
      0.25974025974025977
    ],
    [
      "群众",
      0.2207792207792208
    ],
    [
      "胜利",
      0.2077922077922078
    ],
    [
      "政策",
      0.19480519480519481
    ],
    [
      "正确",
      0.19480519480519481
    ]
  ],
  "top_nodes_by_betweenness": [
    [
      "群众",
      0.02886192754613807
    ],
    [
      "人民",
      0.026961342750816436
    ],
    [
      "正确",
      0.021750179644916486
    ],
    [
      "领导",
      0.01930160482792062
    ],
    [
      "政策",
      0.01861734756471599
    ],
    [
      "我们",
      0.015041537409958465
    ],
    [
      "斗争",
      0.014057871952608795
    ],
    [
      "统一战线",
      0.008347938611096508
    ],
    [
      "他们",
      0.007330827067669173
    ],
    [
      "党",
      0.0069941754152280464
    ]
  ],
  "component_count": 40,
  "largest_component_size": 37,
  "average_clustering": 0.3832765040111959
}